﻿designator,quantity,value,pack,mpn,mount_type
"C1, C7",2,10n,C_Disc_D5.1mm_W3.2mm_P5.00mm,,tht
"C10, C11, C3, C4",4,10u,CP_Radial_D4.0mm_P1.50mm,,tht
"C12, C8",2,50n,C_Disc_D5.1mm_W3.2mm_P5.00mm,,tht
C13,1,250u,C_Radial_D5.0mm_H5.0mm_P2.00mm,,tht
C2,1,100u,C_Radial_D5.0mm_H5.0mm_P2.00mm,,tht
C5,1,2u2,C_Disc_D5.1mm_W3.2mm_P5.00mm,,tht
C6,1,680n,C_Disc_D5.1mm_W3.2mm_P5.00mm,,tht
C9,1,2.2n,C_Disc_D5.1mm_W3.2mm_P5.00mm,,tht
FB1,1,FerriteBead,R_Axial_DIN0204_L3.6mm_D1.6mm_P5.08mm_Horizontal,,tht
J1,1,VCC,JST_XH_B2B-XH-A_1x02_P2.50mm_Vertical,,tht
J2,1,Mic_2,JST_XH_B2B-XH-A_1x02_P2.50mm_Vertical,,tht
J3,1,Mic_1,Jack_3.5mm_Ledino_Stereo_Switch_Horizontal,,tht
J4,1,AF_Out,JST_XH_B3B-XH-A_1x03_P2.50mm_Vertical,,tht
J5,1,AF_In,JST_XH_B3B-XH-A_1x03_P2.50mm_Vertical,,tht
J6,1,SP_1,Jack_3.5mm_Ledino_Stereo_Switch_Horizontal,,tht
J7,1,SP_2,JST_XH_B2B-XH-A_1x02_P2.50mm_Vertical,,tht
R1,1,470,R_Axial_DIN0207_L6.3mm_D2.5mm_P10.16mm_Horizontal,,tht
"R2, R3",2,4k7,R_Axial_DIN0207_L6.3mm_D2.5mm_P10.16mm_Horizontal,,tht
R4,1,10,R_Axial_DIN0207_L6.3mm_D2.5mm_P10.16mm_Horizontal,,tht
R5,1,2k2,R_Axial_DIN0207_L6.3mm_D2.5mm_P10.16mm_Horizontal,,tht
"R6, R7",2,1k,R_Axial_DIN0207_L6.3mm_D2.5mm_P10.16mm_Horizontal,,tht
R8,1,10k,R_Axial_DIN0207_L6.3mm_D2.5mm_P10.16mm_Horizontal,,tht
R9,1,47,R_Axial_DIN0207_L6.3mm_D2.5mm_P10.16mm_Horizontal,,tht
RV1,1,20k,Potentiometer_ACP_CA6-V10_Vertical,,tht
RV2,1,10k,Potentiometer_ACP_CA6-V10_Vertical,,tht
U1,1,LM386,DIP-8_W7.62mm_Socket,,tht
U2,1,LM386N,DIP-8_W7.62mm_Socket,,tht
