﻿pos_x,pos_y,rotation,side,designator,mpn,pack,value,mount_type,place
69.128,-89.027,0.0,top,C1,,C_Disc_D5.1mm_W3.2mm_P5.00mm,10n,tht,True
231.941401,-78.613,0.0,top,C10,,CP_Radial_D4.0mm_P1.50mm,10u,tht,True
226.099401,-105.664,0.0,top,C11,,CP_Radial_D4.0mm_P1.50mm,10u,tht,True
248.452,-104.394,0.0,top,C12,,C_Disc_D5.1mm_W3.2mm_P5.00mm,50n,tht,True
249.698,-89.535,0.0,top,C13,,C_Radial_D5.0mm_H5.0mm_P2.00mm,250u,tht,True
95.52,-76.454,0.0,top,C2,,C_Radial_D5.0mm_H5.0mm_P2.00mm,100u,tht,True
105.156,-76.327,0.0,top,C3,,CP_Radial_D4.0mm_P1.50mm,10u,tht,True
100.457,-116.459,0.0,top,C4,,CP_Radial_D4.0mm_P1.50mm,10u,tht,True
123.23,-113.538,0.0,top,C5,,C_Disc_D5.1mm_W3.2mm_P5.00mm,2u2,tht,True
131.104,-105.791,0.0,top,C6,,C_Disc_D5.1mm_W3.2mm_P5.00mm,680n,tht,True
145.582,-111.125,0.0,top,C7,,C_Disc_D5.1mm_W3.2mm_P5.00mm,10n,tht,True
176.316,-62.484,0.0,top,C8,,C_Disc_D5.1mm_W3.2mm_P5.00mm,50n,tht,True
206.074,-105.664,0.0,top,C9,,C_Disc_D5.1mm_W3.2mm_P5.00mm,2.2n,tht,True
239.522,-88.773,0.0,top,FB1,,R_Axial_DIN0204_L3.6mm_D1.6mm_P5.08mm_Horizontal,FerriteBead,tht,True
62.357,-66.802,0.0,top,J1,,JST_XH_B2B-XH-A_1x02_P2.50mm_Vertical,VCC,tht,True
58.674,-100.203,0.0,top,J2,,JST_XH_B2B-XH-A_1x02_P2.50mm_Vertical,Mic_2,tht,True
62.738,-136.398,0.0,top,J3,,Jack_3.5mm_Ledino_Stereo_Switch_Horizontal,Mic_1,tht,True
147.233,-84.565,0.0,top,J4,,JST_XH_B3B-XH-A_1x03_P2.50mm_Vertical,AF_Out,tht,True
162.727,-84.438,0.0,top,J5,,JST_XH_B3B-XH-A_1x03_P2.50mm_Vertical,AF_In,tht,True
268.193,-98.1295,0.0,top,J6,,Jack_3.5mm_Ledino_Stereo_Switch_Horizontal,SP_1,tht,True
265.069,-120.633,0.0,top,J7,,JST_XH_B2B-XH-A_1x02_P2.50mm_Vertical,SP_2,tht,True
75.184,-67.564,0.0,top,R1,,R_Axial_DIN0207_L6.3mm_D2.5mm_P10.16mm_Horizontal,470,tht,True
74.93,-75.184,0.0,top,R2,,R_Axial_DIN0207_L6.3mm_D2.5mm_P10.16mm_Horizontal,4k7,tht,True
66.421,-97.917,0.0,top,R3,,R_Axial_DIN0207_L6.3mm_D2.5mm_P10.16mm_Horizontal,4k7,tht,True
113.665,-105.156,0.0,top,R4,,R_Axial_DIN0207_L6.3mm_D2.5mm_P10.16mm_Horizontal,10,tht,True
140.081,-107.696,90.0,top,R5,,R_Axial_DIN0207_L6.3mm_D2.5mm_P10.16mm_Horizontal,2k2,tht,True
173.863,-84.328,0.0,top,R6,,R_Axial_DIN0207_L6.3mm_D2.5mm_P10.16mm_Horizontal,1k,tht,True
173.863,-88.646,0.0,top,R7,,R_Axial_DIN0207_L6.3mm_D2.5mm_P10.16mm_Horizontal,1k,tht,True
203.708,-88.646,0.0,top,R8,,R_Axial_DIN0207_L6.3mm_D2.5mm_P10.16mm_Horizontal,10k,tht,True
239.014,-95.758,0.0,top,R9,,R_Axial_DIN0207_L6.3mm_D2.5mm_P10.16mm_Horizontal,47,tht,True
91.774,-128.332,0.0,top,RV1,,Potentiometer_ACP_CA6-V10_Vertical,20k,tht,True
189.945,-90.232,0.0,top,RV2,,Potentiometer_ACP_CA6-V10_Vertical,10k,tht,True
98.943,-97.165,0.0,top,U1,,DIP-8_W7.62mm_Socket,LM386,tht,True
220.355,-88.529,0.0,top,U2,,DIP-8_W7.62mm_Socket,LM386N,tht,True
